player_id,name,height,weight,team,position,team_id
1630173,Precious Achiuwa,6-8,243.0,NYK,Forward,1610612752.0
203500,Steven Adams,6-11,265.0,HOU,Center,1610612745.0
1628389,Bam Adebayo,6-9,255.0,MIA,Center-Forward,1610612748.0
1630534,Ochai Agbaji,6-5,215.0,TOR,Guard,1610612761.0
1630583,Santi Aldama,7-0,215.0,MEM,Forward-Center,1610612763.0
1641725,Trey Alexander,6-4,185.0,NOP,Guard,1610612740.0
1629638,Nickeil Alexander-Walker,6-5,205.0,ATL,Guard,1610612737.0
1628960,Grayson Allen,6-4,198.0,PHX,Guard,1610612756.0
1628386,Jarrett Allen,6-9,243.0,CLE,Center,1610612739.0
1630631,Jose Alvarado,6-0,179.0,NOP,Guard,1610612740.0
203937,Kyle Anderson,6-9,230.0,UTA,Forward-Guard,1610612762.0
203507,Giannis Antetokounmpo,6-11,243.0,MIL,Forward,1610612749.0
1630175,Cole Anthony,6-2,185.0,MIL,Guard,1610612749.0
1628384,OG Anunoby,6-7,240.0,NYK,Forward-Guard,1610612752.0
1642379,Taran Armstrong,6-5,190.0,GSW,Guard,1610612744.0
1630166,Deni Avdija,6-9,240.0,POR,Forward,1610612757.0
1629028,Deandre Ayton,7-0,252.0,LAL,Center,1610612747.0
1630542,Marcus Bagley,6-6,217.0,,Forward,
1628963,Marvin Bagley III,6-10,235.0,WAS,Forward,1610612764.0
1631116,Patrick Baldwin Jr.,6-9,220.0,LAC,Forward,1610612746.0
1630163,LaMelo Ball,6-7,180.0,CHA,Guard,1610612766.0
1628366,Lonzo Ball,6-6,190.0,CLE,Guard,1610612739.0
1628964,Mo Bamba,7-0,231.0,,Center,
1631094,Paolo Banchero,6-10,250.0,ORL,Forward,1610612753.0
1630217,Desmond Bane,6-5,215.0,ORL,Guard,1610612753.0
1630625,Dalano Banton,6-8,203.0,POR,Forward,1610612757.0
1631230,Dominick Barlow,6-8,215.0,PHI,Forward,1610612755.0
203084,Harrison Barnes,6-8,225.0,SAS,Forward,1610612759.0
1630567,Scottie Barnes,6-7,237.0,TOR,Forward-Guard,1610612761.0
1629628,RJ Barrett,6-6,214.0,TOR,Forward-Guard,1610612761.0
1629646,Charles Bassey,6-10,230.0,SAS,Center-Forward,1610612759.0
1641734,Emoni Bates,6-8,202.0,CLE,Forward,1610612739.0
1642419,Jamison Battle,6-7,220.0,TOR,Forward,1610612761.0
201587,Nicolas Batum,6-8,230.0,LAC,Guard-Forward,1610612746.0
1641878,Damion Baugh,6-4,194.0,CHA,Guard,1610612766.0
203078,Bradley Beal,6-4,207.0,LAC,Guard,1610612746.0
1627736,Malik Beasley,6-4,187.0,DET,Guard,1610612765.0
1630699,MarJon Beauchamp,6-7,199.0,NYK,Forward,1610612752.0
1641736,Reece Beekman,6-3,190.0,BKN,Guard,1610612751.0
1630180,Saddiq Bey,6-7,215.0,NOP,Guard-Forward,1610612740.0
1629048,Goga Bitadze,6-10,250.0,ORL,Center-Forward,1610612753.0
202687,Bismack Biyombo,6-8,255.0,SAS,Center,1610612759.0
1641710,Anthony Black,6-7,200.0,ORL,Guard,1610612753.0
203992,Bogdan Bogdanović,6-5,225.0,LAC,Guard,1610612746.0
1629626,Bol Bol,7-3,220.0,PHX,Center-Forward,1610612756.0
1641737,Adem Bona,6-10,235.0,PHI,Forward,1610612755.0
1626164,Devin Booker,6-6,206.0,PHX,Guard,1610612756.0
1630527,Brandon Boston,6-6,188.0,NOP,Guard,1610612740.0
1628449,Chris Boucher,6-9,200.0,BOS,Forward,1610612738.0
1631123,Jamaree Bouyea,6-2,180.0,MIL,Guard,1610612749.0
1628396,Tony Bradley,6-11,248.0,IND,Center-Forward,1610612754.0
1631103,Malaki Branham,6-4,180.0,WAS,Forward,1610612764.0
1631128,Christian Braun,6-6,220.0,DEN,Guard,1610612743.0
1641779,Jalen Bridges,6-8,225.0,PHX,Forward,1610612756.0
1628969,Mikal Bridges,6-6,209.0,NYK,Guard-Forward,1610612752.0
1628970,Miles Bridges,6-7,225.0,CHA,Forward,1610612766.0
1629052,Oshae Brissett,6-7,210.0,,Forward-Guard,
1627763,Malcolm Brogdon,6-4,229.0,WAS,Guard,1610612764.0
1628415,Dillon Brooks,6-6,225.0,PHX,Guard-Forward,1610612756.0
1631232,Keion Brooks Jr.,6-7,210.0,NOP,Forward,1610612740.0
1628971,Bruce Brown,6-4,202.0,DEN,Guard-Forward,1610612743.0
1627759,Jaylen Brown,6-6,223.0,BOS,Guard-Forward,1610612738.0
1641738,Kobe Brown,6-7,250.0,LAC,Forward,1610612746.0
1629650,Moses Brown,7-2,258.0,,Center,
1628973,Jalen Brunson,6-2,190.0,NYK,Guard,1610612752.0
1628418,Thomas Bryant,6-10,248.0,IND,Center-Forward,1610612754.0
1641723,Kobe Bufkin,6-4,195.0,ATL,Guard,1610612737.0
202692,Alec Burks,6-5,214.0,MIA,Guard,1610612748.0
1630215,Jared Butler,6-3,193.0,PHX,Guard,1610612756.0
202710,Jimmy Butler III,6-7,230.0,GSW,Forward,1610612744.0
1641824,Matas Buzelis,6-10,209.0,CHI,Forward,1610612741.0
1631288,Jamal Cain,6-6,191.0,ORL,Forward,1610612753.0
203484,Kentavious Caldwell-Pope,6-5,204.0,MEM,Guard,1610612763.0
1641739,Toumani Camara,6-7,229.0,POR,Forward,1610612757.0
203991,Clint Capela,6-10,256.0,HOU,Center,1610612745.0
1642382,Branden Carlson,7-0,220.0,OKC,Center,1610612760.0
1642267,Bub Carrington,6-4,190.0,WAS,Guard,1610612764.0
1642269,Devin Carter,6-2,195.0,SAC,Guard,1610612758.0
1628975,Jevon Carter,6-1,200.0,CHI,Guard,1610612741.0
1628976,Wendell Carter Jr.,6-10,270.0,ORL,Center-Forward,1610612753.0
1630618,D.J. Carton,6-3,200.0,,Guard,
1627936,Alex Caruso,6-5,186.0,OKC,Guard,1610612760.0
1642264,Stephon Castle,6-6,215.0,SAS,Guard,1610612759.0
1630658,Colin Castleton,6-10,250.0,TOR,Center,1610612761.0
1630577,Julian Champagnie,6-7,217.0,SAS,Forward,1610612759.0
1630551,Justin Champagnie,6-6,206.0,WAS,Guard-Forward,1610612764.0
1642279,Ulrich Chomche,6-11,235.0,TOR,Center,1610612761.0
1642353,Cam Christie,6-6,190.0,LAC,Guard,1610612746.0
1631108,Max Christie,6-5,190.0,DAL,Guard,1610612742.0
1630528,Josh Christopher,6-4,215.0,MIA,Guard,1610612748.0
1631321,Sidy Cissoko,6-6,200.0,POR,Guard,1610612757.0
1641740,Jaylen Clark,6-4,205.0,MIN,Guard,1610612750.0
1629634,Brandon Clarke,6-8,215.0,MEM,Forward,1610612763.0
203903,Jordan Clarkson,6-3,194.0,NYK,Guard,1610612752.0
1629651,Nic Claxton,6-11,215.0,BKN,Center,1610612751.0
1642270,Donovan Clingan,7-2,280.0,POR,Center,1610612757.0
1641730,Noah Clowney,6-9,210.0,BKN,Forward-Center,1610612751.0
1629599,Amir Coffey,6-7,210.0,LAC,Guard-Forward,1610612746.0
1642268,Isaiah Collier,6-3,210.0,UTA,Guard,1610612762.0
1628381,John Collins,6-9,226.0,LAC,Forward-Center,1610612746.0
1641879,Yuri Collins,6-0,190.0,,Guard,
1628380,Zach Collins,6-11,250.0,CHI,Forward-Center,1610612741.0
201144,Mike Conley,6-0,175.0,MIN,Guard,1610612750.0
1626192,Pat Connaughton,6-5,209.0,CHA,Guard,1610612766.0
1641731,Bilal Coulibaly,6-8,195.0,WAS,Guard,1610612764.0
1641741,Ricky Council IV,6-6,207.0,PHI,Guard,1610612755.0
1628470,Torrey Craig,6-5,221.0,BOS,Forward,1610612738.0
1642384,Isaiah Crawford,6-6,220.0,HOU,Forward,1610612745.0
203109,Jae Crowder,6-6,235.0,SAC,Forward,1610612758.0
1630595,Cade Cunningham,6-6,220.0,DET,Guard,1610612765.0
203552,Seth Curry,6-1,185.0,CHA,Guard,1610612766.0
201939,Stephen Curry,6-2,185.0,GSW,Guard,1610612744.0
1642359,Pacôme Dadiet,6-8,210.0,NYK,Forward,1610612752.0
1630700,Dyson Daniels,6-7,199.0,ATL,Guard,1610612737.0
1642368,N'Faly Dante,6-11,230.0,HOU,Center,1610612745.0
203076,Anthony Davis,6-10,253.0,DAL,Forward-Center,1610612742.0
1631098,Johnny Davis,6-4,195.0,,Guard,
1631120,JD Davison,6-1,195.0,HOU,Guard,1610612745.0
201942,DeMar DeRozan,6-6,220.0,SAC,Guard-Forward,1610612758.0
1642484,RayJ Dennis,6-2,180.0,IND,Guard,1610612754.0
1628978,Donte DiVincenzo,6-4,203.0,MIN,Guard,1610612750.0
1631217,Moussa Diabaté,6-9,210.0,CHA,Forward,1610612766.0
1641711,Gradey Dick,6-6,200.0,TOR,Guard-Forward,1610612761.0
1631172,Ousmane Dieng,6-9,185.0,OKC,Forward,1610612760.0
1642265,Rob Dillingham,6-3,175.0,MIN,Guard,1610612750.0
203915,Spencer Dinwiddie,6-5,215.0,CHA,Guard,1610612766.0
1629029,Luka Dončić,6-6,230.0,LAL,Forward-Guard,1610612747.0
1629652,Luguentz Dort,6-4,220.0,OKC,Guard,1610612760.0
1630245,Ayo Dosunmu,6-5,200.0,CHI,Guard,1610612741.0
1630288,Jeff Dowtin Jr.,6-3,177.0,PHI,Guard,1610612755.0
1628408,PJ Dozier,6-6,205.0,,Guard-Forward,
203083,Andre Drummond,6-11,279.0,PHI,Center,1610612755.0
1630537,Chris Duarte,6-5,190.0,,Guard,
1642505,Alex Ducas,6-7,220.0,OKC,Guard,1610612760.0
1630561,David Duke Jr.,6-4,204.0,SAS,Guard,1610612759.0
1627739,Kris Dunn,6-3,205.0,LAC,Guard,1610612746.0
1642346,Ryan Dunn,6-8,216.0,PHX,Forward,1610612756.0
201142,Kevin Durant,6-11,240.0,HOU,Forward,1610612745.0
1631105,Jalen Duren,6-10,250.0,DET,Center,1610612765.0
1631106,Tari Eason,6-8,215.0,HOU,Forward,1610612745.0
1641744,Zach Edey,7-4,305.0,MEM,Center,1610612763.0
1630162,Anthony Edwards,6-4,225.0,MIN,Guard,1610612750.0
1642399,Jesse Edwards,7-0,236.0,MIN,Center,1610612750.0
1642348,Justin Edwards,6-7,203.0,PHI,Forward,1610612755.0
1630556,Kessler Edwards,6-7,203.0,DEN,Forward,1610612743.0
1631165,Keon Ellis,6-4,175.0,SAC,Guard,1610612758.0
203954,Joel Embiid,7-0,280.0,PHI,Center-Forward,1610612755.0
1630623,Tyson Etienne,6-2,200.0,BKN,Guard,1610612751.0
1629234,Drew Eubanks,6-10,245.0,SAC,Forward-Center,1610612758.0
1641787,Tosan Evbuomwan,6-7,217.0,BKN,Forward,1610612751.0
203957,Danté Exum,6-5,214.0,DAL,Guard,1610612742.0
1628981,Bruno Fernando,6-9,240.0,,Forward-Center,
1642271,Kyle Filipowski,6-11,250.0,UTA,Center,1610612762.0
1627827,Dorian Finney-Smith,6-7,220.0,HOU,Forward,1610612745.0
1641745,Adam Flagler,6-3,180.0,SAS,Guard,1610612759.0
1642280,Trentyn Flowers,6-9,185.0,LAC,Forward,1610612746.0
1630201,Malachi Flynn,6-1,185.0,,Guard,
1631323,Simone Fontecchio,6-7,209.0,MIA,Forward,1610612748.0
1628368,De'Aaron Fox,6-3,185.0,SAS,Guard,1610612759.0
1642402,Enrique Freeman,6-7,220.0,MIN,Forward,1610612750.0
1628365,Markelle Fultz,6-4,209.0,SAC,Guard,1610612758.0
1642277,Johnny Furphy,6-9,200.0,IND,Guard,1610612754.0
1629655,Daniel Gafford,6-10,265.0,DAL,Forward-Center,1610612742.0
1629636,Darius Garland,6-1,192.0,CLE,Guard,1610612739.0
1630585,Marcus Garrett,6-5,205.0,,Guard,
1630568,Luka Garza,6-10,243.0,BOS,Center,1610612738.0
1641718,Keyonte George,6-4,185.0,UTA,Guard,1610612762.0
1642273,Kyshawn George,6-8,200.0,WAS,Forward,1610612764.0
202331,Paul George,6-8,220.0,PHI,Forward,1610612755.0
201959,Taj Gibson,6-9,232.0,CHA,Forward,1610612766.0
1630581,Josh Giddey,6-8,216.0,CHI,Guard,1610612741.0
1628983,Shai Gilgeous-Alexander,6-6,195.0,OKC,Guard,1610612760.0
1630264,Anthony Gill,6-8,230.0,WAS,Forward,1610612764.0
1631221,Collin Gillespie,6-1,195.0,PHX,Guard,1610612756.0
203497,Rudy Gobert,7-1,258.0,MIN,Center,1610612750.0
1630692,Jordan Goodwin,6-5,215.0,PHX,Guard,1610612756.0
203932,Aaron Gordon,6-8,235.0,DEN,Forward,1610612743.0
201569,Eric Gordon,6-3,215.0,PHI,Guard,1610612755.0
1641789,Jazian Gortman,6-2,184.0,,Guard,
203924,Jerami Grant,6-7,210.0,POR,Forward,1610612757.0
1631260,AJ Green,6-4,190.0,MIL,Guard,1610612749.0
203110,Draymond Green,6-6,230.0,GSW,Forward,1610612744.0
1630224,Jalen Green,6-4,186.0,PHX,Guard,1610612756.0
1629750,Javonte Green,6-5,205.0,CLE,Guard,1610612739.0
201145,Jeff Green,6-8,235.0,HOU,Forward,1610612745.0
1630182,Josh Green,6-5,200.0,CHA,Guard,1610612766.0
1629656,Quentin Grimes,6-4,210.0,PHI,Guard,1610612755.0
1631243,Mouhamed Gueye,6-10,210.0,ATL,Forward,1610612737.0
1629060,Rui Hachimura,6-8,230.0,LAL,Forward,1610612747.0
1630169,Tyrese Haliburton,6-5,185.0,IND,Guard,1610612754.0
1641790,PJ Hall,6-10,245.0,MEM,Center,1610612763.0
203501,Tim Hardaway Jr.,6-5,205.0,DEN,Guard-Forward,1610612743.0
201935,James Harden,6-5,220.0,LAC,Guard,1610612746.0
1630702,Jaden Hardy,6-3,198.0,DAL,Guard,1610612742.0
1641989,Elijah Harkless,6-3,195.0,UTA,Guard,1610612762.0
1631199,Ron Harper Jr.,6-4,233.0,DET,Guard-Forward,1610612765.0
203914,Gary Harris,6-4,210.0,MIL,Guard,1610612749.0
202699,Tobias Harris,6-8,226.0,DET,Forward,1610612765.0
1628404,Josh Hart,6-4,215.0,NYK,Guard,1610612752.0
1628392,Isaiah Hartenstein,7-0,250.0,OKC,Center-Forward,1610612760.0
1630573,Sam Hauser,6-7,217.0,BOS,Forward,1610612738.0
1641722,Jordan Hawkins,6-5,190.0,NOP,Guard,1610612740.0
1629637,Jaxson Hayes,7-0,220.0,LAL,Center-Forward,1610612747.0
1630165,Killian Hayes,6-5,195.0,,Guard,
1630703,Scoot Henderson,6-3,206.0,POR,Guard,1610612757.0
1641707,Taylor Hendricks,6-9,215.0,UTA,Forward,1610612762.0
1629639,Tyler Herro,6-5,195.0,MIA,Guard,1610612748.0
1627741,Buddy Hield,6-4,220.0,GSW,Guard,1610612744.0
1629312,Haywood Highsmith,6-5,220.0,MIA,Forward,1610612748.0
1628988,Aaron Holiday,6-0,185.0,HOU,Guard,1610612745.0
201950,Jrue Holiday,6-4,205.0,POR,Guard,1610612757.0
1641842,Ronald Holland II,6-8,206.0,DET,Forward,1610612765.0
1626158,Richaun Holmes,6-9,235.0,WAS,Forward,1610612764.0
1641747,DaRon Holmes II,6-10,225.0,DEN,Forward,1610612743.0
1631096,Chet Holmgren,7-1,208.0,OKC,Center-Forward,1610612760.0
1641720,Jalen Hood-Schifino,6-5,210.0,PHI,Guard,1610612755.0
201143,Al Horford,6-9,240.0,BOS,Center-Forward,1610612738.0
1629659,Talen Horton-Tucker,6-4,234.0,CHI,Guard,1610612741.0
1631216,Caleb Houstan,6-8,205.0,ORL,Guard,1610612753.0
1641724,Jett Howard,6-6,215.0,ORL,Guard,1610612753.0
1628989,Kevin Huerter,6-7,198.0,CHI,Guard-Forward,1610612741.0
1630643,Jay Huff,7-1,240.0,IND,Center,1610612754.0
1630574,Ariel Hukporti,6-11,246.0,NYK,Center,1610612752.0
1629631,De'Andre Hunter,6-8,221.0,CLE,Forward-Guard,1610612739.0
1630538,Bones Hyland,6-2,169.0,MIN,Guard,1610612750.0
1642345,Oso Ighodaro,7-0,235.0,PHX,Forward,1610612756.0
204060,Joe Ingles,6-8,220.0,MIN,Forward-Guard,1610612750.0
1627742,Brandon Ingram,6-8,190.0,TOR,Forward,1610612761.0
1631127,Harrison Ingram,6-5,230.0,SAS,Forward,1610612759.0
202681,Kyrie Irving,6-2,195.0,DAL,Guard,1610612742.0
1628371,Jonathan Isaac,6-10,230.0,ORL,Forward,1610612753.0
1631093,Jaden Ivey,6-4,195.0,DET,Guard,1610612765.0
1641713,GG Jackson,6-9,210.0,MEM,Forward,1610612763.0
1630543,Isaiah Jackson,6-9,205.0,IND,Forward,1610612754.0
1631245,Quenton Jackson,6-5,173.0,IND,Guard,1610612754.0
202704,Reggie Jackson,6-2,208.0,,Guard,
1641748,Andre Jackson Jr.,6-6,209.0,MIL,Guard,1610612749.0
1628991,Jaren Jackson Jr.,6-10,242.0,MEM,Forward-Center,1610612763.0
1631218,Trayce Jackson-Davis,6-9,245.0,GSW,Forward,1610612744.0
1642355,Bronny James,6-3,210.0,LAL,Guard,1610612747.0
2544,LeBron James,6-9,250.0,LAL,Forward,1610612747.0
1631170,Jaime Jaquez Jr.,6-6,225.0,MIA,Guard,1610612748.0
1629610,DaQuan Jeffries,6-5,222.0,CHA,Guard-Forward,1610612766.0
1641998,Trey Jemison III,6-11,270.0,LAL,Center,1610612747.0
1642450,Daniss Jenkins,6-3,165.0,DET,Guard,1610612765.0
1629660,Ty Jerome,6-5,195.0,MEM,Guard-Forward,1610612763.0
1630198,Isaiah Joe,6-3,165.0,OKC,Guard,1610612760.0
1642358,AJ Johnson,6-5,160.0,WAS,Guard,1610612764.0
1629661,Cameron Johnson,6-8,210.0,DEN,Forward,1610612743.0
1630552,Jalen Johnson,6-8,219.0,ATL,Forward,1610612737.0
201949,James Johnson,6-7,240.0,IND,Forward,1610612754.0
1629640,Keldon Johnson,6-5,220.0,SAS,Forward-Guard,1610612759.0
1630553,Keon Johnson,6-5,185.0,BKN,Guard,1610612751.0
1642352,Keshad Johnson,6-7,225.0,MIA,Forward,1610612748.0
203999,Nikola Jokić,6-11,284.0,DEN,Center,1610612743.0
1641732,Colby Jones,6-6,207.0,DET,Guard,1610612765.0
1641794,Dillon Jones,6-5,235.0,WAS,Forward,1610612764.0
1630529,Herbert Jones,6-7,206.0,NOP,Forward,1610612740.0
1642403,Isaac Jones,6-9,245.0,SAC,Forward,1610612758.0
1630539,Kai Jones,6-11,221.0,DAL,Center-Forward,1610612742.0
1630222,Mason Jones,6-4,200.0,SAC,Guard,1610612758.0
1642461,Spencer Jones,6-7,225.0,DEN,Forward,1610612743.0
1630200,Tre Jones,6-1,185.0,CHI,Guard,1610612741.0
1626145,Tyus Jones,6-1,196.0,ORL,Guard,1610612753.0
1627884,Derrick Jones Jr.,6-6,210.0,LAC,Forward,1610612746.0
201599,DeAndre Jordan,6-11,265.0,DEN,Center,1610612743.0
202709,Cory Joseph,6-2,200.0,ORL,Guard,1610612753.0
1631107,Nikola Jović,6-10,205.0,MIA,Forward,1610612748.0
1630548,Johnny Juzang,6-5,226.0,UTA,Guard,1610612762.0
1642530,Yuki Kawamura,5-8,159.0,CHI,Guard,1610612741.0
1630283,Kylor Kelley,7-0,230.0,,Center,
1628379,Luke Kennard,6-5,206.0,ATL,Guard,1610612737.0
1631117,Walker Kessler,7-0,245.0,UTA,Center,1610612762.0
1630296,Braxton Key,6-8,225.0,GSW,Forward,1610612744.0
1630557,Corey Kispert,6-6,224.0,WAS,Forward,1610612764.0
1628467,Maxi Kleber,6-10,240.0,LAL,Forward,1610612747.0
1641752,Bobi Klintman,6-9,225.0,DET,Forward,1610612765.0
1642261,Dalton Knecht,6-6,215.0,LAL,Forward,1610612747.0
1628995,Kevin Knox II,6-8,215.0,GSW,Forward,1610612744.0
1642278,Tyler Kolek,6-3,195.0,NYK,Guard,1610612752.0
1631132,Christian Koloko,7-0,225.0,LAL,Center,1610612747.0
1629723,John Konchar,6-5,210.0,MEM,Guard,1610612763.0
1628436,Luke Kornet,7-1,250.0,SAS,Center-Forward,1610612759.0
1630249,Vít Krejčí,6-8,195.0,ATL,Guard,1610612737.0
1630228,Jonathan Kuminga,6-7,225.0,GSW,Forward,1610612744.0
1628398,Kyle Kuzma,6-9,221.0,MIL,Forward,1610612749.0
1631222,Jake LaRavia,6-7,235.0,LAL,Forward,1610612747.0
203897,Zach LaVine,6-5,200.0,SAC,Guard,1610612758.0
1627746,Skal Labissiere,6-10,235.0,,Forward-Center,
1629111,Jock Landale,6-11,255.0,MEM,Center,1610612763.0
1641796,Pelle Larsson,6-5,215.0,MIA,Guard,1610612748.0
1630639,A.J. Lawson,6-6,179.0,TOR,Guard,1610612761.0
1627747,Caris LeVert,6-6,205.0,DET,Guard,1610612765.0
1627814,Damion Lee,6-6,210.0,PHX,Guard-Forward,1610612756.0
203458,Alex Len,7-0,250.0,LAL,Center,1610612747.0
202695,Kawhi Leonard,6-7,225.0,LAC,Forward,1610612746.0
1642502,Malevy Leons,6-9,210.0,OKC,Forward,1610612760.0
1641721,Maxwell Lewis,6-7,215.0,BKN,Forward,1610612751.0
1630604,E.J. Liddell,6-6,240.0,CHI,Forward,1610612741.0
203081,Damian Lillard,6-2,195.0,POR,Guard,1610612757.0
1641726,Dereck Lively II,7-1,230.0,DAL,Center,1610612742.0
1641753,Chris Livingston,6-6,220.0,MIL,Forward,1610612749.0
1626172,Kevon Looney,6-9,222.0,NOP,Forward,1610612740.0
201572,Brook Lopez,7-1,282.0,LAC,Center,1610612746.0
201567,Kevin Love,6-8,251.0,UTA,Forward-Center,1610612762.0
200768,Kyle Lowry,6-0,196.0,PHI,Guard,1610612755.0
1641754,Seth Lundy,6-4,220.0,LAC,Guard-Forward,1610612746.0
1626168,Trey Lyles,6-9,234.0,SAC,Forward,1610612758.0
1630572,Sandro Mamukelashvili,6-9,240.0,TOR,Forward-Center,1610612761.0
1629611,Terance Mann,6-5,215.0,BKN,Guard-Forward,1610612751.0
1630544,Tre Mann,6-3,178.0,CHA,Guard,1610612766.0
1628374,Lauri Markkanen,7-0,240.0,UTA,Forward-Center,1610612762.0
1630230,Naji Marshall,6-6,220.0,DAL,Forward,1610612742.0
1628997,Caleb Martin,6-5,205.0,DAL,Forward,1610612742.0
1628998,Cody Martin,6-6,205.0,PHX,Forward,1610612756.0
1641798,Jaylen Martin,6-6,216.0,WAS,Guard,1610612764.0
1630231,KJ Martin,6-6,215.0,UTA,Forward,1610612762.0
1631213,Tyrese Martin,6-6,215.0,BKN,Forward,1610612751.0
1629726,Garrison Mathews,6-6,215.0,ATL,Guard,1610612737.0
1631097,Bennedict Mathurin,6-5,210.0,IND,Guard-Forward,1610612754.0
1631255,Karlo Matković,6-10,231.0,NOP,Forward-Center,1610612740.0
1630178,Tyrese Maxey,6-2,200.0,PHI,Guard,1610612755.0
1630540,Miles McBride,6-1,195.0,NYK,Guard,1610612752.0
1642272,Jared McCain,6-3,195.0,PHI,Guard,1610612755.0
1630644,Mac McClung,6-2,185.0,ORL,Guard,1610612753.0
203468,CJ McCollum,6-3,190.0,WAS,Guard,1610612764.0
204456,T.J. McConnell,6-1,190.0,IND,Guard,1610612754.0
1641755,Kevin McCullar Jr.,6-6,210.0,NYK,Guard,1610612752.0
1630183,Jaden McDaniels,6-9,185.0,MIN,Forward,1610612750.0
1629667,Jalen McDaniels,6-9,190.0,,Forward,
203926,Doug McDermott,6-6,225.0,SAC,Forward,1610612758.0
1631121,Bryce McGowens,6-6,190.0,NOP,Guard,1610612740.0
1629162,Jordan McLaughlin,6-0,185.0,SAS,Guard,1610612759.0
1629098,Jack McVeigh,6-8,215.0,HOU,Guard-Forward,1610612745.0
1629001,De'Anthony Melton,6-3,200.0,BKN,Guard,1610612751.0
1630241,Sam Merrill,6-4,205.0,CLE,Guard,1610612739.0
203995,Vasilije Micic,6-3,188.0,PHX,Guard,1610612756.0
203114,Khris Middleton,6-7,222.0,WAS,Forward,1610612764.0
1641706,Brandon Miller,6-7,200.0,CHA,Forward,1610612766.0
1641801,Emanuel Miller,6-7,215.0,CHI,Forward,1610612741.0
1641757,Jordan Miller,6-5,194.0,LAC,Guard,1610612746.0
1631159,Leonard Miller,6-10,220.0,MIN,Forward,1610612750.0
201988,Patty Mills,6-2,180.0,LAC,Guard,1610612746.0
1629003,Shake Milton,6-5,205.0,LAL,Guard,1610612747.0
1631303,Justin Minaya,6-5,205.0,POR,Forward,1610612757.0
1642434,Riley Minix,6-7,230.0,SAS,Forward,1610612759.0
1631169,Josh Minott,6-8,205.0,BOS,Forward,1610612738.0
1642274,Yves Missi,6-11,235.0,NOP,Center,1610612740.0
1642349,Ajay Mitchell,6-5,190.0,OKC,Guard,1610612760.0
1630558,Davion Mitchell,6-0,202.0,MIA,Guard,1610612748.0
1628378,Donovan Mitchell,6-3,215.0,CLE,Guard,1610612739.0
1630596,Evan Mobley,6-11,215.0,CLE,Center,1610612739.0
1642367,Jonathan Mogbo,6-9,225.0,TOR,Forward,1610612761.0
1628370,Malik Monk,6-3,200.0,SAC,Guard,1610612758.0
1630541,Moses Moody,6-5,211.0,GSW,Guard,1610612744.0
1631386,Tazé Moore,6-5,195.0,,Guard,
1631111,Wendell Moore Jr.,6-5,215.0,CHA,Guard,1610612766.0
1629630,Ja Morant,6-2,174.0,MEM,Guard,1610612763.0
202693,Markieff Morris,6-9,245.0,LAL,Forward,1610612747.0
1628420,Monté Morris,6-2,183.0,PHX,Guard,1610612756.0
1630530,Trey Murphy III,6-8,206.0,NOP,Forward,1610612740.0
1627749,Dejounte Murray,6-4,180.0,NOP,Guard,1610612740.0
1627750,Jamal Murray,6-4,215.0,DEN,Guard,1610612743.0
1631099,Keegan Murray,6-8,225.0,SAC,Forward,1610612758.0
1631200,Kris Murray,6-8,216.0,POR,Forward,1610612757.0
1629004,Svi Mykhailiuk,6-7,205.0,UTA,Guard-Forward,1610612762.0
1631250,Pete Nance,6-10,225.0,MIL,Forward,1610612749.0
1626204,Larry Nance Jr.,6-8,245.0,CLE,Forward-Center,1610612739.0
1629614,Andrew Nembhard,6-4,191.0,IND,Guard-Forward,1610612754.0
1630174,Aaron Nesmith,6-6,215.0,IND,Guard-Forward,1610612754.0
1641803,Tristen Newton,6-5,190.0,MIN,Guard,1610612750.0
1627777,Georges Niang,6-7,230.0,UTA,Forward,1610612762.0
1630227,Daishen Nix,6-4,238.0,,Guard,
1630192,Zeke Nnaji,6-9,240.0,DEN,Forward-Center,1610612743.0
1641936,Miles Norris,6-7,220.0,BOS,Forward,1610612738.0
1629669,Jaylen Nowell,6-4,201.0,,Guard,
203994,Jusuf Nurkić,7-0,290.0,UTA,Center,1610612762.0
1626220,Royce O'Neale,6-6,226.0,PHX,Forward,1610612756.0
1626143,Jahlil Okafor,6-10,270.0,,Center-Forward,
1629643,Chuma Okeke,6-7,229.0,CLE,Forward,1610612739.0
1629006,Josh Okogie,6-4,213.0,HOU,Guard,1610612745.0
1630168,Onyeka Okongwu,6-10,240.0,ATL,Forward-Center,1610612737.0
1630171,Isaac Okoro,6-5,225.0,CHI,Forward-Guard,1610612741.0
1642439,Quincy Olivari,6-3,200.0,,Guard,
203482,Kelly Olynyk,6-11,240.0,SAS,Forward-Center,1610612759.0
1626162,Kelly Oubre Jr.,6-8,203.0,PHI,Forward-Guard,1610612755.0
101108,Chris Paul,6-0,175.0,LAC,Guard,1610612746.0
1626166,Cameron Payne,6-3,183.0,NYK,Guard,1610612752.0
203901,Elfrid Payton,6-3,195.0,NOP,Guard,1610612740.0
1627780,Gary Payton II,6-2,195.0,GSW,Guard,1610612744.0
1641809,Drew Peterson,6-9,205.0,CHA,Forward,1610612766.0
1641763,Julian Phillips,6-8,198.0,CHI,Forward,1610612741.0
1629618,Jalen Pickett,6-2,202.0,DEN,Guard,1610612743.0
1630590,Scotty Pippen Jr.,6-1,170.0,MEM,Guard,1610612763.0
1631342,Daeqwon Plowden,6-6,216.0,SAC,Guard-Forward,1610612758.0
203486,Mason Plumlee,6-10,254.0,CHA,Forward-Center,1610612766.0
1641764,Brandin Podziemski,6-4,205.0,GSW,Guard,1610612744.0
1627751,Jakob Poeltl,7-0,260.0,TOR,Center,1610612761.0
1629673,Jordan Poole,6-4,194.0,NOP,Guard,1610612740.0
1641854,Craig Porter Jr.,6-1,180.0,CLE,Guard,1610612739.0
1629645,Kevin Porter Jr.,6-4,203.0,MIL,Guard-Forward,1610612749.0
1629008,Michael Porter Jr.,6-10,218.0,BKN,Forward,1610612751.0
1626171,Bobby Portis,6-10,250.0,MIL,Forward,1610612749.0
204001,Kristaps Porziņģis,7-2,240.0,ATL,Forward-Center,1610612737.0
1642366,Quinten Post,7-0,238.0,GSW,Center,1610612744.0
1630695,Micah Potter,6-9,248.0,SAS,Center,1610612759.0
203939,Dwight Powell,6-10,240.0,DAL,Forward-Center,1610612742.0
1626181,Norman Powell,6-4,215.0,MIA,Guard,1610612748.0
1627752,Taurean Prince,6-6,218.0,MIL,Forward,1610612749.0
1630202,Payton Pritchard,6-1,195.0,BOS,Guard,1610612738.0
1641765,Olivier-Maxence Prosper,6-7,230.0,DAL,Forward,1610612742.0
1642389,Zyon Pullin,6-4,206.0,MEM,Guard,1610612763.0
1630243,Trevelin Queen,6-5,190.0,ORL,Guard,1610612753.0
1629674,Neemias Queta,7-0,248.0,BOS,Center,1610612738.0
1630193,Immanuel Quickley,6-2,190.0,TOR,Guard,1610612761.0
1631311,Lester Quinones,6-4,208.0,NOP,Guard,1610612740.0
203944,Julius Randle,6-9,250.0,MIN,Forward-Center,1610612750.0
1641871,Duop Reath,6-9,245.0,POR,Center,1610612757.0
1630559,Austin Reaves,6-5,197.0,LAL,Guard,1610612747.0
1629629,Cam Reddish,6-7,217.0,,Forward-Guard,
1630194,Paul Reed,6-9,210.0,DET,Forward,1610612765.0
1642024,Alex Reese,6-9,245.0,PHI,Forward-Center,1610612755.0
1641810,Antonio Reeves,6-5,205.0,CHA,Guard,1610612766.0
1629675,Naz Reid,6-9,264.0,MIN,Center-Forward,1610612750.0
1631197,Jared Rhoden,6-5,210.0,TOR,Guard,1610612761.0
1630208,Nick Richards,7-0,245.0,PHX,Center,1610612756.0
1626196,Josh Richardson,6-5,200.0,,Guard,
1642258,Zaccharie Risacher,6-8,200.0,ATL,Forward,1610612737.0
1641857,Liam Robbins,7-0,250.0,,Center,
1629130,Duncan Robinson,6-7,215.0,DET,Forward,1610612765.0
1629011,Mitchell Robinson,7-0,240.0,NYK,Center-Forward,1610612752.0
1631115,Orlando Robinson,6-10,235.0,ORL,Center,1610612753.0
1630526,Jeremiah Robinson-Earl,6-8,240.0,NOP,Forward,1610612740.0
1631223,David Roddy,6-4,255.0,TOR,Forward,1610612761.0
1631157,Ryan Rollins,6-3,180.0,MIL,Guard,1610612749.0
1642050,Jackson Rowe,6-7,210.0,GSW,Forward,1610612744.0
1626179,Terry Rozier,6-1,190.0,MIA,Guard,1610612748.0
1641712,Rayan Rupert,6-6,195.0,POR,Guard-Forward,1610612757.0
1626156,D'Angelo Russell,6-3,193.0,DAL,Guard,1610612742.0
1630346,Matt Ryan,6-6,215.0,,Forward,
1627734,Domantas Sabonis,6-10,240.0,SAC,Forward-Center,1610612758.0
1642275,Tidjane Salaün,6-8,207.0,CHA,Forward,1610612766.0
1641766,Adama Sanogo,6-9,245.0,,Forward,
1630611,Gui Santos,6-6,185.0,GSW,Forward,1610612744.0
1642259,Alex Sarr,7-0,205.0,WAS,Center,1610612764.0
1631204,Marcus Sasser,6-2,195.0,DET,Guard,1610612765.0
1631248,Baylor Scheierman,6-6,205.0,BOS,Guard,1610612738.0
203471,Dennis Schröder,6-1,175.0,SAC,Guard,1610612758.0
1630578,Alperen Sengun,6-11,243.0,HOU,Center,1610612745.0
1641729,Brice Sensabaugh,6-5,235.0,UTA,Forward,1610612762.0
1629012,Collin Sexton,6-3,190.0,CHA,Guard,1610612766.0
1629013,Landry Shamet,6-4,190.0,NYK,Guard,1610612752.0
1630545,Terrence Shannon Jr.,6-6,215.0,MIN,Guard-Forward,1610612750.0
1630549,Day'Ron Sharpe,6-9,265.0,BKN,Center,1610612751.0
1631101,Shaedon Sharpe,6-5,208.0,POR,Guard,1610612757.0
1642347,Jamal Shead,6-1,200.0,TOR,Guard,1610612761.0
1641767,Ben Sheppard,6-6,190.0,IND,Guard,1610612754.0
1642263,Reed Sheppard,6-2,185.0,HOU,Guard,1610612745.0
1627783,Pascal Siakam,6-8,245.0,IND,Forward,1610612754.0
1627732,Ben Simmons,6-10,240.0,LAC,Guard-Forward,1610612746.0
1629014,Anfernee Simons,6-3,200.0,BOS,Guard,1610612738.0
1642354,KJ Simpson,6-0,189.0,CHA,Guard,1610612766.0
1630579,Jericho Sims,6-10,250.0,MIL,Center,1610612749.0
203935,Marcus Smart,6-3,220.0,LAL,Guard,1610612747.0
1630696,Dru Smith,6-2,203.0,MIA,Guard,1610612748.0
1630188,Jalen Smith,6-9,215.0,CHI,Forward-Center,1610612741.0
1642449,Tolu Smith,6-11,,DET,Forward,1610612765.0
1641890,Tyler Smith,6-9,224.0,MIL,Forward,1610612749.0
1631095,Jabari Smith Jr.,6-10,220.0,HOU,Forward,1610612745.0
1641733,Nick Smith Jr.,6-2,185.0,CHA,Guard,1610612766.0
1631110,Jeremy Sochan,6-8,230.0,SAS,Forward,1610612759.0
1642285,Cam Spencer,6-4,205.0,MEM,Guard,1610612763.0
1630311,Pat Spencer,6-3,205.0,GSW,Guard,1610612744.0
1630531,Jaden Springer,6-4,202.0,NOP,Guard,1610612740.0
1641815,Isaiah Stevens,6-0,185.0,SAC,Guard,1610612758.0
1630205,Lamar Stevens,6-7,230.0,MEM,Forward,1610612763.0
1630191,Isaiah Stewart,6-8,250.0,DET,Forward-Center,1610612765.0
1631124,Julian Strawther,6-6,205.0,DEN,Guard,1610612743.0
1629622,Max Strus,6-5,215.0,CLE,Guard-Forward,1610612739.0
1630591,Jalen Suggs,6-5,205.0,ORL,Guard,1610612753.0
1631306,Cole Swider,6-8,220.0,,Forward,
1630256,Jae'Sean Tate,6-4,230.0,HOU,Forward,1610612745.0
1628369,Jayson Tatum,6-8,210.0,BOS,Forward-Guard,1610612738.0
1630678,Terry Taylor,6-4,230.0,,Forward,
202066,Garrett Temple,6-5,195.0,TOR,Guard-Forward,1610612761.0
1631207,Dalen Terry,6-7,195.0,CHI,Forward,1610612741.0
1628464,Daniel Theis,6-8,245.0,,Forward-Center,
1630560,Cam Thomas,6-3,210.0,BKN,Guard,1610612751.0
1641708,Amen Thompson,6-7,200.0,HOU,Guard-Forward,1610612745.0
1641709,Ausar Thompson,6-6,205.0,DET,Guard-Forward,1610612765.0
1630679,Ethan Thompson,6-5,195.0,ORL,Guard,1610612753.0
202691,Klay Thompson,6-5,220.0,DAL,Guard,1610612742.0
202684,Tristan Thompson,6-9,254.0,CLE,Center-Forward,1610612739.0
1630550,JT Thor,6-9,203.0,WAS,Forward,1610612764.0
1629680,Matisse Thybulle,6-5,201.0,POR,Guard-Forward,1610612757.0
1630214,Xavier Tillman,6-7,245.0,BOS,Forward,1610612738.0
1631166,Drew Timme,6-10,235.0,BKN,Forward,1610612751.0
1641772,Nae'Qwan Tomlin,6-10,210.0,CLE,Forward,1610612739.0
1642260,Nikola Topić,6-6,200.0,OKC,Guard,1610612760.0
1631210,Jacob Toppin,6-8,200.0,ATL,Forward,1610612737.0
1630167,Obi Toppin,6-9,220.0,IND,Forward,1610612754.0
1626157,Karl-Anthony Towns,7-0,248.0,NYK,Center-Forward,1610612752.0
1642422,Armel Traoré,6-9,245.0,,Forward,
1631247,Luke Travers,6-7,207.0,CLE,Forward,1610612739.0
1629018,Gary Trent Jr.,6-5,204.0,MIL,Guard,1610612749.0
1631131,Oscar Tshiebwe,6-8,255.0,UTA,Forward-Center,1610612762.0
200782,P.J. Tucker,6-5,245.0,NYK,Forward,1610612752.0
1626167,Myles Turner,6-11,250.0,MIL,Center-Forward,1610612749.0
1641816,Hunter Tyson,6-8,215.0,DEN,Forward,1610612743.0
1642281,Jaylon Tyson,6-6,215.0,CLE,Guard-Forward,1610612739.0
1630649,Stanley Umude,6-6,210.0,MIL,Guard,1610612749.0
202685,Jonas Valančiūnas,6-11,265.0,DEN,Center,1610612743.0
1627832,Fred VanVleet,6-0,197.0,HOU,Guard,1610612745.0
1629020,Jarred Vanderbilt,6-8,214.0,LAL,Forward,1610612747.0
1630170,Devin Vassell,6-5,200.0,SAS,Guard-Forward,1610612759.0
1629216,Gabe Vincent,6-2,200.0,LAL,Guard,1610612747.0
1641774,Tristan Vukcevic,7-0,220.0,WAS,Forward,1610612764.0
202696,Nikola Vučević,6-10,260.0,CHI,Center,1610612741.0
1629731,Dean Wade,6-9,228.0,CLE,Forward-Center,1610612739.0
1630532,Franz Wagner,6-10,220.0,ORL,Forward,1610612753.0
1629021,Moritz Wagner,6-11,245.0,ORL,Forward-Center,1610612753.0
1631133,Jabari Walker,6-7,237.0,PHI,Forward,1610612755.0
1641716,Jarace Walker,6-7,235.0,IND,Forward,1610612754.0
1629022,Lonnie Walker IV,6-4,204.0,PHI,Guard-Forward,1610612755.0
1641717,Cason Wallace,6-3,195.0,OKC,Guard,1610612760.0
1630811,Keaton Wallace,6-3,185.0,ATL,Guard,1610612737.0
1641775,Jordan Walsh,6-6,205.0,BOS,Guard,1610612738.0
1642266,Ja'Kobe Walter,6-5,180.0,TOR,Guard,1610612761.0
1642276,Kel'el Ware,7-0,230.0,MIA,Center,1610612748.0
1629023,P.J. Washington,6-6,230.0,DAL,Forward,1610612742.0
1631102,TyTy Washington Jr.,6-3,195.0,LAC,Guard,1610612746.0
1630322,Lindy Waters III,6-6,210.0,SAS,Forward,1610612759.0
1630570,Trendon Watford,6-8,237.0,PHI,Guard-Forward,1610612755.0
1641817,Anton Watson,6-8,225.0,NYK,Forward,1610612752.0
1631212,Peyton Watson,6-7,200.0,DEN,Guard,1610612743.0
1642377,Jaylen Wells,6-8,,MEM,Forward,1610612763.0
1641705,Victor Wembanyama,7-3,235.0,SAS,Forward-Center,1610612759.0
1631104,Blake Wesley,6-3,185.0,POR,Guard,1610612757.0
201566,Russell Westbrook,6-4,200.0,DEN,Guard,1610612743.0
1630762,Phillip Wheeler,6-8,185.0,,Forward,
1629632,Coby White,6-5,195.0,CHI,Guard,1610612741.0
1628401,Derrick White,6-4,190.0,BOS,Guard,1610612738.0
1641727,Dariq Whitehead,6-6,220.0,BKN,Guard-Forward,1610612751.0
1641715,Cam Whitmore,6-7,230.0,WAS,Forward,1610612764.0
1630598,Aaron Wiggins,6-5,190.0,OKC,Guard,1610612760.0
203952,Andrew Wiggins,6-7,197.0,MIA,Forward,1610612748.0
1631214,Alondes Williams,6-4,210.0,,Guard,
1630314,Brandon Williams,6-1,190.0,DAL,Guard,1610612742.0
1642262,Cody Williams,6-7,190.0,UTA,Forward,1610612762.0
1629684,Grant Williams,6-6,236.0,CHA,Forward,1610612766.0
1631114,Jalen Williams,6-5,211.0,OKC,Guard-Forward,1610612760.0
1631119,Jaylin Williams,6-9,240.0,OKC,Forward,1610612760.0
1629026,Kenrich Williams,6-6,210.0,OKC,Guard-Forward,1610612760.0
1631109,Mark Williams,7-0,240.0,PHX,Center,1610612756.0
1631466,Nate Williams,6-5,205.0,HOU,Guard,1610612745.0
1630172,Patrick Williams,6-7,215.0,CHI,Forward,1610612741.0
1630533,Ziaire Williams,6-9,185.0,BKN,Forward,1610612751.0
1629057,Robert Williams III,6-9,249.0,POR,Center-Forward,1610612757.0
1631246,Vince Williams Jr.,6-4,205.0,MEM,Guard,1610612763.0
1629627,Zion Williamson,6-6,284.0,NOP,Forward,1610612740.0
1630592,Jalen Wilson,6-6,220.0,BKN,Forward,1610612751.0
1630164,James Wiseman,6-11,240.0,IND,Center,1610612754.0
1631209,Isaiah Wong,6-3,185.0,,Guard,
1626153,Delon Wright,6-5,185.0,NYK,Guard,1610612752.0
1627824,Guerschon Yabusele,6-8,265.0,NYK,Forward,1610612752.0
1642385,Cui Yongxi,6-5,190.0,,Forward,
1642443,Jahmir Young,6-1,185.0,CHI,Guard,1610612741.0
1629027,Trae Young,6-1,164.0,ATL,Guard,1610612737.0
1627826,Ivica Zubac,7-0,240.0,LAC,Center,1610612746.0
1641783,Tristan da Silva,6-8,217.0,ORL,Forward,1610612753.0
1628427,Vlatko Čančar,6-8,236.0,DEN,Forward,1610612743.0
203967,Dario Šarić,6-10,225.0,SAC,Forward-Center,1610612758.0
